day,hour,temp,dewp,humid,wind_dir,wind_speed,wind_gust,precip,pressure,visib,time_hour
1,0,28.94,10.94,46.41,270,20.71404,28.7695,0,1009.8,10,2/1/2013 0:00
1,1,28.94,10.94,46.41,260,20.71404,29.92028,0,1010.3,10,2/1/2013 1:00
1,2,30.02,10.94,44.41,260,23.0156,32.22184,0,1010.3,10,2/1/2013 2:00
1,3,28.94,12.02,48.69,250,20.71404,NA,0,1009.9,10,2/1/2013 3:00
1,4,28.94,12.92,50.66,240,20.71404,32.22184,0,1010.2,10,2/1/2013 4:00
1,5,30.02,12.02,46.59,250,21.86482,31.07106,0,1010.7,10,2/1/2013 5:00
1,6,30.02,10.94,44.41,260,18.41248,NA,0,1011.2,10,2/1/2013 6:00
1,7,30.02,10.94,44.41,280,13.80936,NA,0,1011.2,10,2/1/2013 7:00
1,8,30.02,8.96,40.65,270,14.96014,NA,0,1011.5,10,2/1/2013 8:00
1,9,30.02,8.06,39.03,290,14.96014,NA,0,1012,10,2/1/2013 9:00
1,10,30.02,6.08,35.68,290,19.56326,26.46794,0,1011.8,10,2/1/2013 10:00
1,11,30.92,5,32.75,330,23.0156,27.61872,0,1011.3,10,2/1/2013 11:00
1,12,30.92,1.94,28.44,310,18.41248,32.22184,0,1011.9,10,2/1/2013 12:00
1,13,30.92,1.04,27.27,320,20.71404,NA,0,1012.4,10,2/1/2013 13:00
1,14,30.92,3.02,29.9,310,25.31716,37.97574,0,1013.5,10,2/1/2013 14:00
1,15,30.02,3.92,32.32,310,23.0156,32.22184,0,1015.3,10,2/1/2013 15:00
1,16,30.02,3.92,32.32,300,21.86482,32.22184,0,1016.6,10,2/1/2013 16:00
1,17,28.04,10.04,46.26,300,24.16638,28.7695,0,1018.5,9,2/1/2013 17:00
1,18,26.96,10.04,48.36,320,20.71404,NA,0,1019.8,10,2/1/2013 18:00
1,19,26.96,10.04,48.36,310,17.2617,NA,0,1021,10,2/1/2013 19:00
1,20,26.96,8.06,44.25,310,21.86482,27.61872,0,1021.9,10,2/1/2013 20:00
1,21,24.98,12.02,57.33,280,12.65858,NA,0,1022.7,10,2/1/2013 21:00
1,22,24.98,10.04,52.5,280,13.80936,23.0156,0,1023.5,10,2/1/2013 22:00
1,23,24.98,8.06,48.03,290,18.41248,24.16638,0,1024.1,10,2/1/2013 23:00
2,0,24.08,6.98,47.49,270,17.2617,21.86482,0,1024.2,10,2/2/2013 0:00
2,1,23,6.08,47.7,280,18.41248,26.46794,0,1025,10,2/2/2013 1:00
2,2,21.92,6.08,49.92,270,13.80936,NA,0,1025.5,10,2/2/2013 2:00
2,3,21.92,6.08,49.92,270,16.11092,21.86482,0,1025.6,10,2/2/2013 3:00
2,4,21.02,5,49.37,280,14.96014,20.71404,0,1025.5,10,2/2/2013 4:00
2,5,19.94,5,51.68,290,11.5078,NA,0,1025.7,10,2/2/2013 5:00
2,6,19.94,5,51.68,290,11.5078,NA,0,1026.1,10,2/2/2013 6:00
2,7,21.02,5,49.37,280,10.35702,NA,0,1026.7,10,2/2/2013 7:00
2,8,21.92,6.08,49.92,260,11.5078,NA,0,1026.6,10,2/2/2013 8:00
2,9,24.08,6.98,47.49,250,8.05546,NA,0,1026.1,10,2/2/2013 9:00
2,10,24.98,8.06,48.03,240,9.20624,NA,0,1025.3,10,2/2/2013 10:00
2,11,26.96,8.96,46.08,240,12.65858,NA,0,1024.4,10,2/2/2013 11:00
2,12,28.04,6.98,40.31,210,13.80936,18.41248,0,1023.1,10,2/2/2013 12:00
2,13,30.92,3.92,31.16,230,17.2617,20.71404,0,1021.8,10,2/2/2013 13:00
2,14,28.94,3.92,33.78,240,14.96014,20.71404,0,1021.1,10,2/2/2013 14:00
2,15,28.94,5,35.5,240,17.2617,NA,0,1020.7,10,2/2/2013 15:00
2,16,28.94,6.08,37.29,240,11.5078,NA,0,1020,10,2/2/2013 16:00
2,17,28.04,6.98,40.31,230,13.80936,NA,0,1019.8,10,2/2/2013 17:00
2,18,28.94,6.98,38.85,230,17.2617,NA,0,1019.7,10,2/2/2013 18:00
2,19,28.04,10.04,46.26,230,14.96014,NA,0,1019.6,10,2/2/2013 19:00
2,20,26.96,14,57.63,250,16.11092,NA,0,1019.6,10,2/2/2013 20:00
2,21,26.06,15.98,65.21,250,11.5078,NA,0,1019.7,5,2/2/2013 21:00
2,22,24.98,19.94,80.87,240,11.5078,NA,0.01,NA,2,2/2/2013 22:00
2,23,24.98,21.92,87.96,280,6.90468,NA,0.01,NA,2,2/2/2013 23:00
3,0,24.98,21.92,87.96,0,0,NA,0,NA,4,2/3/2013 0:00
3,1,24.98,21.2,85.96,0,0,NA,0.01,NA,2,2/3/2013 1:00
3,2,24.98,21.92,87.96,30,3.45234,NA,0.01,1016,2,2/3/2013 2:00
3,3,24.98,21.92,87.96,60,3.45234,NA,0.01,1015.1,2,2/3/2013 3:00
3,4,23,19.94,87.85,30,6.90468,NA,0,1014.3,4,2/3/2013 4:00
3,5,21.92,19.94,91.94,20,4.60312,NA,0,1014.4,7,2/3/2013 5:00
3,6,24.08,21.02,87.91,80,5.7539,NA,0,1014.8,7,2/3/2013 6:00
3,7,24.98,21.02,84.67,40,5.7539,NA,0,1015.1,10,2/3/2013 7:00
3,8,26.06,19.04,74.41,20,6.90468,NA,0,1014.6,10,2/3/2013 8:00
3,9,26.6,17.96,71.04,40,9.20624,NA,0,NA,10,2/3/2013 9:00
3,10,28.04,19.94,71.26,30,4.60312,NA,0,1013.4,10,2/3/2013 10:00
3,11,28.94,19.04,66.09,320,6.90468,NA,0,1012.1,10,2/3/2013 11:00
3,12,30.02,19.94,65.72,320,9.20624,NA,0,1011,10,2/3/2013 12:00
3,13,30.02,19.94,65.72,NA,6.90468,NA,0,1010.1,10,2/3/2013 13:00
3,14,30.92,19.94,63.36,320,6.90468,NA,0,1009.4,10,2/3/2013 14:00
3,15,30.02,17.06,58.08,300,9.20624,NA,0,1009.3,10,2/3/2013 15:00
3,16,30.02,17.06,58.08,300,12.65858,NA,0,1009.3,10,2/3/2013 16:00
3,17,30.02,15.08,53.29,290,10.35702,NA,0,1009.5,10,2/3/2013 17:00
3,18,28.94,12.92,50.66,290,9.20624,NA,0,1009.6,10,2/3/2013 18:00
3,19,28.04,15.08,57.79,280,11.5078,NA,0,1010,10,2/3/2013 19:00
3,20,28.04,15.08,57.79,280,6.90468,NA,0,1010.3,10,2/3/2013 20:00
3,21,28.04,15.98,60.1,280,11.5078,NA,0,1010.3,10,2/3/2013 21:00
3,22,28.04,17.06,62.97,290,6.90468,NA,0,1010.1,10,2/3/2013 22:00
3,23,28.94,19.04,66.09,260,11.5078,NA,0,1010,10,2/3/2013 23:00
4,0,28.94,19.94,68.68,260,17.2617,NA,0,1009.8,10,2/4/2013 0:00
4,1,28.04,17.06,62.97,280,18.41248,25.31716,0,1010.1,10,2/4/2013 1:00
4,2,26.96,12.92,54.95,290,18.41248,27.61872,0,1010.6,10,2/4/2013 2:00
4,3,26.06,10.04,50.2,300,16.11092,27.61872,0,1011.2,10,2/4/2013 3:00
4,4,24.98,8.96,50.02,290,19.56326,32.22184,0,1012.1,10,2/4/2013 4:00
4,5,24.08,8.06,49.87,290,16.11092,23.0156,0,1012.9,10,2/4/2013 5:00
4,6,24.08,6.98,47.49,290,17.2617,27.61872,0,1014,10,2/4/2013 6:00
4,7,24.98,8.06,48.03,280,13.80936,20.71404,0,1014.7,10,2/4/2013 7:00
4,8,26.06,8.06,45.93,270,17.2617,NA,0,1015,10,2/4/2013 8:00
4,9,26.96,6.08,40.45,280,19.56326,29.92028,0,1015.4,10,2/4/2013 9:00
4,10,28.94,6.08,37.29,290,13.80936,NA,0,1015.3,10,2/4/2013 10:00
4,11,30.92,6.08,34.4,280,16.11092,26.46794,0,1014.7,10,2/4/2013 11:00
4,12,32,6.98,34.31,260,18.41248,28.7695,0,1014.4,10,2/4/2013 12:00
4,13,30.92,8.06,37.63,260,21.86482,27.61872,0,1013.8,10,2/4/2013 13:00
4,14,30.92,6.08,34.4,270,14.96014,27.61872,0,1013.5,10,2/4/2013 14:00
4,15,30.02,6.08,35.68,280,18.41248,27.61872,0,1013.9,10,2/4/2013 15:00
4,16,28.94,6.08,37.29,280,19.56326,25.31716,0,1014.3,10,2/4/2013 16:00
4,17,28.94,6.08,37.29,270,21.86482,26.46794,0,1014.9,10,2/4/2013 17:00
4,18,28.94,6.98,38.85,280,13.80936,NA,0,1015.4,10,2/4/2013 18:00
4,19,28.04,8.96,44.07,250,13.80936,NA,0,1015.6,10,2/4/2013 19:00
4,20,26.96,10.04,48.36,260,9.20624,NA,0,1015.6,10,2/4/2013 20:00
4,21,28.94,10.94,46.41,260,8.05546,NA,0,1015.5,10,2/4/2013 21:00
4,22,28.94,12.02,48.69,240,6.90468,NA,0,1015.5,10,2/4/2013 22:00
4,23,28.94,15.98,57.92,220,9.20624,NA,0,1015.5,10,2/4/2013 23:00
5,0,28.94,19.04,66.09,230,9.20624,NA,0,1014.8,10,2/5/2013 0:00
5,1,28.04,23,81.11,220,5.7539,NA,0,1014.7,7,2/5/2013 1:00
5,2,28.94,24.08,81.8,230,3.45234,NA,0,1014.3,8,2/5/2013 2:00
5,3,28.94,24.8,86.18,0,0,NA,0,NA,7,2/5/2013 3:00
5,4,28.94,24.98,84.93,30,3.45234,NA,0.01,1013.4,8,2/5/2013 4:00
5,5,28.94,24.98,84.93,20,3.45234,NA,0,1013.9,8,2/5/2013 5:00
5,6,28.94,24.98,86.18,60,4.60312,NA,0,NA,5,2/5/2013 6:00
5,7,28.94,26.06,88.82,40,6.90468,NA,0,1014.5,6,2/5/2013 7:00
5,8,28.94,24.8,86.18,40,10.35702,NA,0,NA,8,2/5/2013 8:00
5,9,30.02,24.98,81.27,50,8.05546,NA,0,1014.9,7,2/5/2013 9:00
5,10,30.92,26.06,81.95,20,8.05546,NA,0,1015.4,8,2/5/2013 10:00
5,11,30.92,26.06,81.95,40,9.20624,NA,0,1014.7,7,2/5/2013 11:00
5,12,30.92,26.06,81.95,40,6.90468,NA,0,1014.4,7,2/5/2013 12:00
5,13,30.92,26.06,81.95,40,8.05546,NA,0,1013.5,5,2/5/2013 13:00
5,14,30.92,26.06,81.95,50,8.05546,NA,0,1013.1,7,2/5/2013 14:00
5,15,30.92,26.06,81.95,40,3.45234,NA,0,1013.7,7,2/5/2013 15:00
5,16,30.92,26.06,81.95,30,3.45234,NA,0,1013.5,8,2/5/2013 16:00
5,17,30.92,26.6,86.28,50,5.7539,NA,0,NA,8,2/5/2013 17:00
5,18,30.92,26.6,86.28,30,6.90468,NA,0,NA,8,2/5/2013 18:00
5,19,30.92,26.06,81.95,20,4.60312,NA,0,1013.2,8,2/5/2013 19:00
5,20,30.92,26.6,86.28,360,6.90468,NA,0,NA,7,2/5/2013 20:00
5,21,30.92,26.96,86.28,40,5.7539,NA,0,NA,7,2/5/2013 21:00
5,22,30.92,26.96,85.05,360,4.60312,NA,0,1013.6,9,2/5/2013 22:00
5,23,32,28.04,85.12,10,3.45234,NA,0,1013.7,7,2/5/2013 23:00
6,0,32,28.4,86.39,340,3.45234,NA,0,NA,6,2/6/2013 0:00
6,1,30.92,28.94,92.26,350,4.60312,NA,0,1013.7,5,2/6/2013 1:00
6,2,30.92,28.4,92.92,350,5.7539,NA,0,NA,4,2/6/2013 2:00
6,3,30.92,28.94,92.92,0,0,NA,0,NA,5,2/6/2013 3:00
6,4,32,30.2,100,270,5.7539,NA,0,NA,5,2/6/2013 4:00
6,5,30.92,26.96,85.05,280,9.20624,NA,0,1015.7,6,2/6/2013 5:00
6,6,30.92,26.96,86.28,270,5.7539,NA,0,NA,7,2/6/2013 6:00
6,7,30.92,26.96,85.05,260,9.20624,NA,0,1017.8,5,2/6/2013 7:00
6,8,33.98,26.96,75.2,270,8.05546,NA,0,1018.5,7,2/6/2013 8:00
6,9,35.96,24.08,61.67,290,13.80936,NA,0,1019.1,10,2/6/2013 9:00
6,10,37.94,21.92,52.09,300,16.11092,NA,0,1019.7,10,2/6/2013 10:00
6,11,39.02,19.04,44.18,290,16.11092,23.0156,0,1019.3,10,2/6/2013 11:00
6,12,37.94,17.96,44,300,17.2617,23.0156,0,1019.5,10,2/6/2013 12:00
6,13,39.02,17.96,42.18,300,21.86482,29.92028,0,1019.7,10,2/6/2013 13:00
6,14,39.92,15.08,35.95,280,19.56326,24.16638,0,1020.3,10,2/6/2013 14:00
6,15,39.02,15.08,37.23,290,17.2617,NA,0,1021.1,10,2/6/2013 15:00
6,16,37.94,14,37.05,300,23.0156,28.7695,0,1021.9,10,2/6/2013 16:00
6,17,35.96,14,40.05,310,12.65858,NA,0,1023.1,10,2/6/2013 17:00
6,18,35.96,10.94,34.99,310,17.2617,NA,0,1024.3,10,2/6/2013 18:00
6,19,33.98,10.94,37.86,310,16.11092,24.16638,0,1025.5,10,2/6/2013 19:00
6,20,33.08,8.96,35.92,320,16.11092,NA,0,1026.5,10,2/6/2013 20:00
6,21,32,1.94,27.22,350,12.65858,NA,0,1026.4,10,2/6/2013 21:00
6,22,30.02,1.04,28.29,360,4.60312,NA,0,1027.6,10,2/6/2013 22:00
6,23,30.02,-2.02,24.49,340,13.80936,NA,0,1028.4,10,2/6/2013 23:00
7,0,28.04,-2.92,25.45,340,5.7539,NA,0,1028.2,10,2/7/2013 0:00
7,1,26.96,-0.04,30.48,0,0,NA,0,1029,10,2/7/2013 1:00
7,2,26.96,5,38.5,0,0,NA,0,1029.4,10,2/7/2013 2:00
7,3,26.96,8.96,46.08,20,4.60312,NA,0,1030,10,2/7/2013 3:00
7,4,24.98,5,41.8,360,4.60312,NA,0,1030.8,10,2/7/2013 4:00
7,5,24.98,6.08,43.91,30,5.7539,NA,0,1031,10,2/7/2013 5:00
7,6,26.06,6.08,41.98,50,4.60312,NA,0,1031.6,10,2/7/2013 6:00
7,7,26.06,6.98,43.74,30,9.20624,NA,0,1033,10,2/7/2013 7:00
7,8,26.96,6.98,42.14,40,9.20624,NA,0,1033.3,10,2/7/2013 8:00
7,9,28.04,6.98,40.31,30,10.35702,NA,0,1033.1,10,2/7/2013 9:00
7,10,30.02,6.08,35.68,20,10.35702,NA,0,1033.7,10,2/7/2013 10:00
7,11,30.02,6.98,37.17,50,6.90468,NA,0,1032.6,10,2/7/2013 11:00
7,12,30.92,6.08,34.4,50,3.45234,NA,0,1032.4,10,2/7/2013 12:00
7,13,32,5,31.35,NA,4.60312,NA,0,1031.9,10,2/7/2013 13:00
7,14,33.08,3.92,28.57,90,5.7539,NA,0,1031.4,10,2/7/2013 14:00
7,15,32,6.98,34.31,120,10.35702,NA,0,1030.9,10,2/7/2013 15:00
7,16,30.92,8.96,39.19,100,9.20624,NA,0,1030.5,10,2/7/2013 16:00
7,17,30.92,15.08,51.38,70,8.05546,NA,0,1030.3,10,2/7/2013 17:00
7,18,30.02,15.98,55.42,60,8.05546,NA,0,1030.6,10,2/7/2013 18:00
7,19,30.92,17.06,55.99,50,6.90468,NA,0,1030.7,10,2/7/2013 19:00
7,20,30.92,17.96,58.21,50,8.05546,NA,0,1030.1,10,2/7/2013 20:00
7,21,32,19.94,60.66,50,9.20624,NA,0,1029.6,10,2/7/2013 21:00
7,22,32,21.2,63.99,50,9.20624,NA,0,NA,10,2/7/2013 22:00
7,23,33.08,23,66.11,60,10.35702,NA,0,1027.4,10,2/7/2013 23:00
8,0,33.98,24.08,66.72,60,11.5078,NA,0,1026.4,10,2/8/2013 0:00
8,1,35.96,26.96,69.51,90,18.41248,NA,0,1025.6,10,2/8/2013 1:00
8,2,35.96,26.96,69.51,80,14.96014,24.16638,0,1024.6,10,2/8/2013 2:00
8,3,35.06,26.96,72.03,70,16.11092,NA,0,1023.3,10,2/8/2013 3:00
8,4,35.06,26.06,69.4,60,13.80936,NA,0,1022.3,10,2/8/2013 4:00
8,5,33.98,26.06,72.45,40,14.96014,NA,0,1021.6,10,2/8/2013 5:00
8,6,33.8,28.94,84.56,50,17.2617,NA,0.01,NA,2.5,2/8/2013 6:00
8,7,33.8,30.92,91.66,60,14.96014,NA,0.02,NA,2,2/8/2013 7:00
8,8,33.98,32,92.36,60,18.41248,NA,0.02,1018.7,3,2/8/2013 8:00
8,9,35.06,32,93.03,60,20.71404,NA,0.03,NA,6,2/8/2013 9:00
8,10,35.96,33.8,93.08,60,21.86482,NA,0.04,NA,7,2/8/2013 10:00
8,11,35.96,32,85.37,50,23.0156,29.92028,0.04,1013.2,6,2/8/2013 11:00
8,12,35.06,32,88.47,50,23.0156,28.7695,0.08,1010.5,5,2/8/2013 12:00
8,13,35.06,32,88.47,30,28.7695,39.12652,0.07,1008,7,2/8/2013 13:00
8,14,33.98,30.92,88.42,40,28.7695,36.82496,0.05,NA,7,2/8/2013 14:00
8,15,33.98,30.2,86.49,40,26.46794,35.67418,0.06,NA,7,2/8/2013 15:00
8,16,33.8,30.2,88.37,30,26.46794,32.22184,0.05,NA,6,2/8/2013 16:00
8,17,33.8,30.2,88.37,30,25.31716,34.5234,0.07,NA,3,2/8/2013 17:00
8,18,32,28.94,88.32,360,18.41248,29.92028,0.05,1003.2,3,2/8/2013 18:00
8,19,30.92,28.4,92.92,20,24.16638,33.37262,0.03,NA,3,2/8/2013 19:00
8,20,30.2,26.96,88.22,360,23.0156,37.97574,0.01,NA,3,2/8/2013 20:00
8,21,30.92,26.96,85.05,330,19.56326,29.92028,0,1004.1,3,2/8/2013 21:00
8,22,30.2,26.96,88.22,330,18.41248,NA,0.08,NA,0.5,2/8/2013 22:00
8,23,28.4,26.6,92.86,340,19.56326,NA,0.07,NA,0.5,2/8/2013 23:00
9,0,26.6,24.8,92.8,340,21.86482,NA,0.03,NA,0.5,2/9/2013 0:00
9,1,26.96,24.08,88.73,340,17.2617,NA,0.02,1008.2,0.5,2/9/2013 1:00
9,2,26.96,24.98,92.12,320,14.96014,NA,0.07,1008.4,0.5,2/9/2013 2:00
9,3,26.6,24.8,92.8,360,21.86482,28.7695,0.05,NA,0.5,2/9/2013 3:00
9,4,26.96,24.8,92.8,340,21.86482,NA,0.01,NA,3,2/9/2013 4:00
9,5,28.94,24.8,86.18,320,20.71404,NA,0,NA,10,2/9/2013 5:00
9,6,28.94,21.92,74.7,310,26.46794,32.22184,0,1010.8,10,2/9/2013 6:00
9,7,30.02,21.92,71.48,300,18.41248,26.46794,0,1011.9,10,2/9/2013 7:00
9,8,28.94,19.04,66.09,310,21.86482,34.5234,0,1012.8,10,2/9/2013 8:00
9,9,26.96,17.96,68.44,310,25.31716,34.5234,0,1013.9,10,2/9/2013 9:00
9,10,26.06,15.98,65.21,300,28.7695,34.5234,0,1015.3,10,2/9/2013 10:00
9,11,28.04,17.06,62.97,310,21.86482,32.22184,0,1015.8,10,2/9/2013 11:00
9,12,30.02,15.08,53.29,320,28.7695,36.82496,0,1016.1,10,2/9/2013 12:00
9,13,30.92,12.92,46.74,330,26.46794,34.5234,0,1016.9,10,2/9/2013 13:00
9,14,32,12.02,43,320,25.31716,31.07106,0,1017.8,10,2/9/2013 14:00
9,15,30.92,10.04,41.13,310,21.86482,33.37262,0,1018.4,10,2/9/2013 15:00
9,16,30.02,8.96,40.65,320,17.2617,NA,0,1019.8,10,2/9/2013 16:00
9,17,28.94,5,35.5,330,25.31716,31.07106,0,1021.4,10,2/9/2013 17:00
9,18,28.04,5,36.83,320,20.71404,26.46794,0,1022.7,10,2/9/2013 18:00
9,19,26.06,6.08,41.98,320,19.56326,NA,0,1023.5,10,2/9/2013 19:00
9,20,24.98,5,41.8,310,13.80936,NA,0,1025.1,10,2/9/2013 20:00
9,21,24.08,5,43.4,320,13.80936,NA,0,1026.3,10,2/9/2013 21:00
9,22,21.02,5,49.37,320,10.35702,NA,0,1026.7,10,2/9/2013 22:00
9,23,21.92,5,47.52,300,14.96014,NA,0,1027.5,10,2/9/2013 23:00
10,0,21.02,5,49.37,320,11.5078,NA,0,1027.7,10,2/10/2013 0:00
10,1,19.04,5,53.71,320,6.90468,NA,0,1028.3,10,2/10/2013 1:00
10,2,19.04,5,53.71,320,9.20624,NA,0,1028.8,10,2/10/2013 2:00
10,3,19.04,5,53.71,330,11.5078,NA,0,1028.7,10,2/10/2013 3:00
10,4,17.06,5,58.49,330,9.20624,NA,0,1029,10,2/10/2013 4:00
10,5,17.96,5,56.26,310,8.05546,NA,0,1029.9,10,2/10/2013 5:00
10,6,17.06,5,58.49,330,5.7539,NA,0,1030.5,10,2/10/2013 6:00
10,7,19.04,5,53.71,340,9.20624,NA,0,1030.9,10,2/10/2013 7:00
10,8,21.02,6.08,51.86,310,8.05546,NA,0,1032.1,10,2/10/2013 8:00
10,9,24.98,6.98,45.74,330,6.90468,NA,0,1032.5,10,2/10/2013 9:00
10,10,26.96,8.06,44.25,220,3.45234,NA,0,1032.9,10,2/10/2013 10:00
10,11,30.02,6.08,35.68,0,0,NA,0,1032.1,10,2/10/2013 11:00
10,12,33.08,6.98,32.85,0,0,NA,0,1030.9,10,2/10/2013 12:00
10,13,30.02,10.04,42.66,0,0,NA,0,1030.1,10,2/10/2013 13:00
10,14,30.92,14,49.01,220,3.45234,NA,0,1030.4,10,2/10/2013 14:00
10,15,30.02,19.04,63.24,200,6.90468,NA,0,1029.7,10,2/10/2013 15:00
10,16,28.94,19.04,66.09,190,4.60312,NA,0,1029.2,10,2/10/2013 16:00
10,17,30.02,17.06,58.08,190,4.60312,NA,0,1029.5,10,2/10/2013 17:00
10,18,28.04,15.98,60.1,180,3.45234,NA,0,1029.5,10,2/10/2013 18:00
10,19,28.94,17.96,63.1,200,3.45234,NA,0,1029.6,10,2/10/2013 19:00
10,20,30.02,21.02,68.81,0,0,NA,0,1029.1,10,2/10/2013 20:00
10,21,30.92,24.98,78.35,200,8.05546,NA,0,1028.9,10,2/10/2013 21:00
10,22,33.08,28.04,81.5,200,6.90468,NA,0,1028.1,10,2/10/2013 22:00
10,23,33.98,28.94,81.57,200,8.05546,NA,0,1027.8,10,2/10/2013 23:00
11,0,35.96,28.94,75.39,180,9.20624,NA,0,1027,10,2/11/2013 0:00
11,1,35.96,26.06,66.97,190,9.20624,NA,0,1026.5,10,2/11/2013 1:00
11,2,37.04,28.94,72.24,160,5.7539,NA,0,1024.9,10,2/11/2013 2:00
11,3,37.94,32,78.96,150,9.20624,NA,0,1023.9,10,2/11/2013 3:00
11,4,37.94,33.08,82.46,150,4.60312,NA,0,1023.2,10,2/11/2013 4:00
11,5,37.94,35.06,89.25,140,5.7539,NA,0,1021.8,10,2/11/2013 5:00
11,6,39.2,35.96,88.66,170,11.5078,NA,0.07,NA,5,2/11/2013 6:00
11,7,39.02,37.04,92.53,130,10.35702,NA,0.05,1018.7,5,2/11/2013 7:00
11,8,41,39.2,93.24,130,14.96014,NA,0.1,NA,5,2/11/2013 8:00
11,9,42.8,41,95.9,240,12.65858,NA,0.13,NA,1.75,2/11/2013 9:00
11,10,42.98,42.8,100,200,20.71404,NA,0.07,NA,3,2/11/2013 10:00
11,11,42.8,42.8,100,220,18.41248,NA,0.01,NA,1,2/11/2013 11:00
11,12,42.08,42.08,100,270,5.7539,NA,0.01,1011.6,0.06,2/11/2013 12:00
11,13,42.8,42.8,100,220,4.60312,NA,0,NA,0.75,2/11/2013 13:00
11,14,42.8,42.8,100,220,4.60312,NA,0.01,NA,0.75,2/11/2013 14:00
11,15,42.8,39.92,95.9,130,4.60312,NA,0,NA,0.12,2/11/2013 15:00
11,16,42.08,41,95.92,0,0,NA,0,1006.8,0.12,2/11/2013 16:00
11,17,42.8,41,95.9,0,0,NA,0,NA,0.12,2/11/2013 17:00
11,18,42.8,41,95.92,80,3.45234,NA,0.01,NA,0.12,2/11/2013 18:00
11,19,42.8,42.8,100,30,3.45234,NA,0,NA,0.12,2/11/2013 19:00
11,20,42.8,42.8,100,250,3.45234,NA,0,NA,0.12,2/11/2013 20:00
11,21,44.6,42.98,95.95,270,5.7539,NA,0,NA,0.12,2/11/2013 21:00
11,22,44.6,42.98,95.95,300,11.5078,NA,0,NA,7,2/11/2013 22:00
11,23,44.6,42.8,93.35,300,13.80936,NA,0,NA,10,2/11/2013 23:00
12,0,42.08,37.04,82.17,280,4.60312,NA,0,1007.1,10,2/12/2013 0:00
12,1,39.02,35.96,88.66,250,10.35702,NA,0,1007.3,7,2/12/2013 1:00
12,2,41,28.94,61.89,280,17.2617,24.16638,0,1007.7,10,2/12/2013 2:00
12,3,41,26.06,54.97,290,16.11092,26.46794,0,1008.5,10,2/12/2013 3:00
12,4,39.92,24.98,54.81,280,12.65858,21.86482,0,1009,10,2/12/2013 4:00
12,5,39.02,26.96,61.63,260,12.65858,NA,0,1009.2,10,2/12/2013 5:00
12,6,39.92,24.98,54.81,280,16.11092,23.0156,0,1010,10,2/12/2013 6:00
12,7,39.92,26.06,57.33,270,19.56326,NA,0,1010.9,10,2/12/2013 7:00
12,8,42.08,24.08,48.56,280,20.71404,27.61872,0,1011.6,10,2/12/2013 8:00
12,9,42.08,24.98,50.42,270,17.2617,26.46794,0,1011.8,10,2/12/2013 9:00
12,10,42.98,24.08,46.91,280,17.2617,23.0156,0,1012.3,10,2/12/2013 10:00
12,11,44.06,24.98,46.73,280,14.96014,26.46794,0,1012.4,10,2/12/2013 11:00
12,12,44.06,24.98,46.73,280,17.2617,NA,0,1012.4,10,2/12/2013 12:00
12,13,44.96,24.08,43.49,280,14.96014,26.46794,0,1012.2,10,2/12/2013 13:00
12,14,46.94,24.08,40.35,310,16.11092,NA,0,1011.9,10,2/12/2013 14:00
12,15,44.96,23,41.56,290,16.11092,NA,0,1011.7,10,2/12/2013 15:00
12,16,42.08,23,46.41,270,16.11092,19.56326,0,1011.1,10,2/12/2013 16:00
12,17,41,24.08,50.63,260,14.96014,25.31716,0,1013.7,10,2/12/2013 17:00
12,18,41,24.08,50.63,270,14.96014,NA,0,1014.8,10,2/12/2013 18:00
12,19,39.92,23,50.46,280,11.5078,NA,0,1015.1,10,2/12/2013 19:00
12,20,39.02,21.92,49.93,290,12.65858,NA,0,1014.1,10,2/12/2013 20:00
12,21,37.94,21.92,52.09,300,12.65858,NA,0,1013.3,10,2/12/2013 21:00
12,22,37.94,21.92,52.09,290,9.20624,NA,0,1013.4,10,2/12/2013 22:00
12,23,37.04,21.92,53.97,280,9.20624,NA,0,1014,10,2/12/2013 23:00
13,0,35.06,24.08,63.91,260,8.05546,NA,0,1014.2,10,2/13/2013 0:00
13,1,30.92,23,72.12,240,8.05546,NA,0,1014.8,10,2/13/2013 1:00
13,2,30.02,24.08,78.27,240,8.05546,NA,0,1014.6,10,2/13/2013 2:00
13,3,32,24.98,75,300,9.20624,NA,0,1013.9,10,2/13/2013 3:00
13,4,30.92,24.08,75.46,340,10.35702,NA,0,1012.9,10,2/13/2013 4:00
13,5,30.92,21.02,66.34,0,0,NA,0,1013.6,10,2/13/2013 5:00
13,6,32,23,69.04,0,0,NA,0,1013.3,10,2/13/2013 6:00
13,7,33.98,26.96,75.2,0,0,NA,0,1013.5,10,2/13/2013 7:00
13,8,37.94,23,54.51,30,5.7539,NA,0,1012.6,10,2/13/2013 8:00
13,9,39.92,19.94,44.33,0,0,NA,0,1012.3,10,2/13/2013 9:00
13,10,39.02,21.92,49.93,190,10.35702,NA,0,1012.9,10,2/13/2013 10:00
13,11,39.02,21.02,48.07,210,4.60312,NA,0,1012.1,10,2/13/2013 11:00
13,12,39.92,23,50.46,220,4.60312,NA,0,1010.7,10,2/13/2013 12:00
13,13,42.08,23,46.41,0,0,NA,0,1008.4,10,2/13/2013 13:00
13,14,39.02,24.98,56.77,180,8.05546,NA,0,1008.8,10,2/13/2013 14:00
13,15,39.02,24.98,56.77,140,6.90468,NA,0,1008,10,2/13/2013 15:00
13,16,37.94,24.98,59.22,50,3.45234,NA,0,1007,10,2/13/2013 16:00
13,17,37.94,24.98,59.22,60,5.7539,NA,0,1006.1,10,2/13/2013 17:00
13,18,37.94,24.98,59.22,120,3.45234,NA,0,1006.6,10,2/13/2013 18:00
13,19,37.04,26.96,66.6,40,4.60312,NA,0,1006,10,2/13/2013 19:00
13,20,35.96,28.04,72.66,160,3.45234,NA,0,1006.3,9,2/13/2013 20:00
13,21,35.96,28.94,75.39,0,0,NA,0,NA,9,2/13/2013 21:00
13,22,35.96,28.94,75.39,330,3.45234,NA,0,1006,10,2/13/2013 22:00
13,23,35.6,30.02,81.65,350,14.96014,NA,0,NA,7,2/13/2013 23:00
14,0,33.98,30.92,88.42,360,10.35702,NA,0.01,NA,9,2/14/2013 0:00
14,1,33.98,30.92,88.42,360,8.05546,NA,0,1007,9,2/14/2013 1:00
14,2,33.98,32,92.36,350,9.20624,NA,0,1008.3,10,2/14/2013 2:00
14,3,35.06,30.92,84.69,350,9.20624,NA,0,1009.1,10,2/14/2013 3:00
14,4,35.6,30.2,85.24,350,10.35702,NA,0,NA,10,2/14/2013 4:00
14,5,32,28.94,88.32,340,4.60312,NA,0,1010.1,10,2/14/2013 5:00
14,6,33.08,28.94,84.56,320,3.45234,NA,0,1011.6,9,2/14/2013 6:00
14,7,35.06,28.94,78.13,320,8.05546,NA,0,1013.1,10,2/14/2013 7:00
14,8,37.94,26.06,61.94,320,9.20624,NA,0,1013.8,10,2/14/2013 8:00
14,9,39.92,24.98,54.81,350,6.90468,NA,0,1014.4,10,2/14/2013 9:00
14,10,42.08,23,46.41,340,6.90468,NA,0,1014.7,10,2/14/2013 10:00
14,11,44.06,23,43.02,NA,4.60312,NA,0,1014.5,10,2/14/2013 11:00
14,12,44.06,21.02,39.57,220,6.90468,NA,0,1014.2,10,2/14/2013 12:00
14,13,44.06,26.06,48.87,200,12.65858,NA,0,1014.5,10,2/14/2013 13:00
14,14,42.98,26.06,50.94,200,10.35702,NA,0,1014.4,10,2/14/2013 14:00
14,15,42.08,26.96,54.73,180,10.35702,NA,0,1014.7,10,2/14/2013 15:00
14,16,39.92,28.04,62.21,180,11.5078,NA,0,1015.4,10,2/14/2013 16:00
14,17,39.02,30.02,69.86,180,10.35702,NA,0,1015.4,10,2/14/2013 17:00
14,18,39.02,30.92,72.46,180,11.5078,NA,0,1016,10,2/14/2013 18:00
14,19,37.94,33.98,85.49,190,13.80936,NA,0,1015.9,9,2/14/2013 19:00
14,20,37.94,35.06,89.25,210,11.5078,NA,0,1016.3,8,2/14/2013 20:00
14,21,37.04,33.98,88.57,220,8.05546,NA,0,1016.3,8,2/14/2013 21:00
14,22,37.04,33.08,85.43,220,10.35702,NA,0,1016.5,8,2/14/2013 22:00
14,23,35.06,32,88.47,250,6.90468,NA,0,1016.5,8,2/14/2013 23:00
15,0,33.98,30.02,85.24,230,6.90468,NA,0,1016.8,8,2/15/2013 0:00
15,1,33.08,30.02,88.37,230,4.60312,NA,0,1016.9,8,2/15/2013 1:00
15,2,33.98,30.92,88.42,200,5.7539,NA,0,1016.3,7,2/15/2013 2:00
15,3,33.08,30.92,91.66,190,6.90468,NA,0,1016.5,7,2/15/2013 3:00
15,4,33.98,30.92,88.42,210,6.90468,NA,0,1016.6,9,2/15/2013 4:00
15,5,33.98,30.02,85.24,190,5.7539,NA,0,1016.3,8,2/15/2013 5:00
15,6,33.98,30.02,85.24,170,4.60312,NA,0,1016.3,9,2/15/2013 6:00
15,7,37.04,33.08,85.43,230,9.20624,NA,0,1016.9,9,2/15/2013 7:00
15,8,39.92,33.98,79.12,230,10.35702,NA,0,1017.2,8,2/15/2013 8:00
15,9,41,35.06,79.21,200,9.20624,NA,0,1017.2,8,2/15/2013 9:00
15,10,42.98,33.98,70.3,210,9.20624,NA,0,1017.1,8,2/15/2013 10:00
15,11,44.06,35.96,72.98,180,8.05546,NA,0,1016.6,9,2/15/2013 11:00
15,12,46.94,33.98,60.47,180,10.35702,NA,0,1015.6,10,2/15/2013 12:00
15,13,48.02,33.98,58.07,170,9.20624,NA,0,1015,10,2/15/2013 13:00
15,14,48.02,37.94,67.92,180,10.35702,NA,0,1014.3,10,2/15/2013 14:00
15,15,46.04,37.04,70.64,170,10.35702,NA,0,1014.1,10,2/15/2013 15:00
15,16,44.06,35.96,72.98,170,11.5078,NA,0,1014.1,10,2/15/2013 16:00
15,17,42.08,35.96,78.74,170,11.5078,NA,0,1014,10,2/15/2013 17:00
15,18,42.98,35.06,73.39,180,11.5078,19.56326,0,1013.9,10,2/15/2013 18:00
15,19,42.98,35.96,76.06,200,6.90468,NA,0,1013.8,10,2/15/2013 19:00
15,20,41,35.06,79.21,200,5.7539,NA,0,1013.8,10,2/15/2013 20:00
15,21,42.08,37.04,82.17,250,5.7539,NA,0,1013.7,10,2/15/2013 21:00
15,22,46.04,37.04,70.64,300,5.7539,NA,0,1014.2,10,2/15/2013 22:00
15,23,46.04,28.04,49.19,320,12.65858,NA,0,1013.9,10,2/15/2013 23:00
16,0,42.08,30.92,64.35,320,14.96014,NA,0,1014.7,10,2/16/2013 0:00
16,1,39.02,32,75.69,330,16.11092,NA,0,1014.5,10,2/16/2013 1:00
16,2,37.94,33.08,82.46,350,10.35702,NA,0,1014.1,10,2/16/2013 2:00
16,3,35.96,32,85.37,360,11.5078,NA,0,1013.8,10,2/16/2013 3:00
16,4,35.96,32,85.37,10,9.20624,NA,0,1013.7,10,2/16/2013 4:00
16,5,35.06,30.92,84.69,10,12.65858,NA,0,1014.1,10,2/16/2013 5:00
16,6,35.06,30.02,81.65,360,10.35702,NA,0,1014.1,10,2/16/2013 6:00
16,7,35.06,28.04,75.31,30,12.65858,NA,0,1014.3,10,2/16/2013 7:00
16,8,35.06,28.04,75.31,10,13.80936,NA,0,1014.3,10,2/16/2013 8:00
16,9,35.06,28.04,75.31,350,13.80936,NA,0,1014,10,2/16/2013 9:00
16,10,35.96,24.98,64.03,10,13.80936,NA,0,1013.7,10,2/16/2013 10:00
16,11,37.04,24.98,61.35,10,11.5078,NA,0,1013.1,10,2/16/2013 11:00
16,12,39.92,24.08,52.79,350,11.5078,NA,0,1012.6,10,2/16/2013 12:00
16,13,39.02,21.92,49.93,10,9.20624,NA,0,1011.8,10,2/16/2013 13:00
16,14,39.02,21.02,48.07,340,12.65858,NA,0,1010.9,10,2/16/2013 14:00
16,15,37.94,21.02,50.14,350,10.35702,NA,0,1011.2,10,2/16/2013 15:00
16,16,37.04,17.96,45.58,340,18.41248,NA,0,1010.8,10,2/16/2013 16:00
16,17,35.96,17.06,45.76,340,19.56326,NA,0,1010.4,10,2/16/2013 17:00
16,18,35.96,17.96,47.57,350,16.11092,27.61872,0,1010,10,2/16/2013 18:00
16,19,33.98,17.96,51.47,360,14.96014,24.16638,0,1010.1,10,2/16/2013 19:00
16,20,32,19.94,60.66,20,13.80936,NA,0,1009.9,9,2/16/2013 20:00
16,21,32,12.92,44.74,350,19.56326,NA,0,1009.1,10,2/16/2013 21:00
16,22,32,12.92,44.74,350,21.86482,28.7695,0,1007.5,10,2/16/2013 22:00
16,23,30.92,12.92,46.74,350,21.86482,29.92028,0,1006.6,10,2/16/2013 23:00
17,0,30.92,10.94,42.82,350,21.86482,28.7695,0,1005.9,10,2/17/2013 0:00
17,1,30.02,10.04,42.66,340,21.86482,26.46794,0,1005.9,10,2/17/2013 1:00
17,2,28.94,6.98,38.85,350,25.31716,35.67418,0,1005.2,10,2/17/2013 2:00
17,3,28.04,3.92,35.05,350,26.46794,35.67418,0,1005.1,10,2/17/2013 3:00
17,4,28.04,5,36.83,350,23.0156,33.37262,0,1004.7,10,2/17/2013 4:00
17,5,28.04,6.98,40.31,340,21.86482,31.07106,0,1004.8,10,2/17/2013 5:00
17,6,26.96,6.08,40.45,320,21.86482,31.07106,0,1004.5,10,2/17/2013 6:00
17,7,28.04,3.92,35.05,330,21.86482,26.46794,0,1005.1,10,2/17/2013 7:00
17,8,28.04,-0.04,29.16,320,24.16638,31.07106,0,1004.5,10,2/17/2013 8:00
17,9,30.02,-0.94,25.78,320,26.46794,34.5234,0,1004.6,10,2/17/2013 9:00
17,10,30.92,-0.94,24.85,310,25.31716,39.12652,0,1004.9,10,2/17/2013 10:00
17,11,30.92,-2.02,23.62,310,33.37262,43.72964,0,1005.4,10,2/17/2013 11:00
17,12,33.08,-0.94,22.78,310,27.61872,40.2773,0,1005.9,10,2/17/2013 12:00
17,13,33.08,-0.94,22.78,320,27.61872,42.57886,0,1006.1,10,2/17/2013 13:00
17,14,30.92,-2.02,23.62,290,29.92028,41.42808,0,1006.7,10,2/17/2013 14:00
17,15,30.02,-2.92,23.47,300,32.22184,37.97574,0,1007.6,10,2/17/2013 15:00
17,16,28.04,-2.02,26.56,310,29.92028,43.72964,0,1008.6,10,2/17/2013 16:00
17,17,26.06,-0.04,31.64,310,32.22184,44.88042,0,1009.9,10,2/17/2013 17:00
17,18,24.98,-0.94,31.72,300,27.61872,37.97574,0,1011.4,10,2/17/2013 18:00
17,19,23,-0.04,35.95,310,33.37262,40.2773,0,1012.4,10,2/17/2013 19:00
17,20,21.92,-2.02,34.27,300,29.92028,43.72964,0,1013.3,10,2/17/2013 20:00
17,21,19.04,-2.92,37.11,310,32.22184,43.72964,0,1014.5,10,2/17/2013 21:00
17,22,17.96,-2.92,38.87,310,25.31716,34.5234,0,1015.3,10,2/17/2013 22:00
17,23,17.96,-0.94,42.69,290,29.92028,35.67418,0,1016.2,10,2/17/2013 23:00
18,0,19.04,-0.94,40.76,310,23.0156,34.5234,0,1016.6,10,2/18/2013 0:00
18,1,19.04,-0.94,40.76,300,20.71404,35.67418,0,1017,10,2/18/2013 1:00
18,2,19.04,-0.04,42.52,290,24.16638,32.22184,0,1017.7,10,2/18/2013 2:00
18,3,17.96,-0.04,44.54,300,19.56326,35.67418,0,1018.4,10,2/18/2013 3:00
18,4,17.96,-0.04,44.54,310,16.11092,28.7695,0,1019.3,10,2/18/2013 4:00
18,5,17.96,-0.04,44.54,290,23.0156,31.07106,0,1021,10,2/18/2013 5:00
18,6,17.96,1.04,46.85,300,23.0156,31.07106,0,1021.8,10,2/18/2013 6:00
18,7,19.94,1.04,43.04,300,16.11092,25.31716,0,1022.4,10,2/18/2013 7:00
18,8,21.02,1.94,42.87,290,20.71404,28.7695,0,1023.6,10,2/18/2013 8:00
18,9,24.08,1.94,37.68,290,19.56326,24.16638,0,1024.3,10,2/18/2013 9:00
18,10,26.96,1.94,33.44,280,14.96014,20.71404,0,1024.5,10,2/18/2013 10:00
18,11,30.02,1.94,29.5,270,17.2617,NA,0,1024.2,10,2/18/2013 11:00
18,12,32,3.02,28.62,260,17.2617,NA,0,1023.4,10,2/18/2013 12:00
18,13,33.98,1.94,25.14,300,13.80936,24.16638,0,1022.7,10,2/18/2013 13:00
18,14,35.06,1.94,24.08,310,14.96014,NA,0,1022.3,10,2/18/2013 14:00
18,15,35.96,1.94,23.24,280,12.65858,23.0156,0,1022.4,10,2/18/2013 15:00
18,16,35.06,3.92,26.39,270,16.11092,NA,0,1022.8,10,2/18/2013 16:00
18,17,33.08,6.98,32.85,260,12.65858,NA,0,1023,10,2/18/2013 17:00
18,18,32,12.02,43,250,11.5078,NA,0,1023.6,10,2/18/2013 18:00
18,19,32,10.94,40.99,250,11.5078,NA,0,1023.8,10,2/18/2013 19:00
18,20,32,12.92,44.74,250,13.80936,NA,0,1023.9,10,2/18/2013 20:00
18,21,30.92,15.98,53.44,240,8.05546,NA,0,1023.8,10,2/18/2013 21:00
18,22,32,15.08,49.19,220,11.5078,NA,0,1024.1,10,2/18/2013 22:00
18,23,32,15.98,51.15,220,9.20624,NA,0,1023.8,10,2/18/2013 23:00
19,0,32,15.98,51.15,210,9.20624,NA,0,1023.3,10,2/19/2013 0:00
19,1,32,15.98,51.15,210,10.35702,NA,0,1022.8,10,2/19/2013 1:00
19,2,30.92,17.96,58.21,210,10.35702,NA,0,1021.6,10,2/19/2013 2:00
19,3,35.06,23,61.08,210,11.5078,NA,0,1021,10,2/19/2013 3:00
19,4,30.92,23,72.12,230,8.05546,NA,0,1020.9,10,2/19/2013 4:00
19,5,33.98,26.96,75.2,210,9.20624,NA,0,1019.4,10,2/19/2013 5:00
19,6,35.96,26.96,69.51,210,11.5078,NA,0,1019,10,2/19/2013 6:00
19,7,39.92,30.92,69.96,190,13.80936,NA,0,1018.9,10,2/19/2013 7:00
19,8,41,30.92,67.09,190,14.96014,NA,0,1018.1,10,2/19/2013 8:00
19,9,42.08,32,67.22,180,16.11092,NA,0,1017.2,10,2/19/2013 9:00
19,10,44.06,33.08,65.07,170,21.86482,26.46794,0,1016,10,2/19/2013 10:00
19,11,44.96,35.06,68.05,180,20.71404,27.61872,0,1015,10,2/19/2013 11:00
19,12,44.6,35.6,70.48,190,21.86482,29.92028,0,NA,10,2/19/2013 12:00
19,13,42.08,37.94,85.13,180,13.80936,NA,0.02,1012.2,10,2/19/2013 13:00
19,14,42.08,39.02,88.81,180,20.71404,NA,0.01,1010.9,9,2/19/2013 14:00
19,15,42.08,39.92,91.98,170,17.2617,NA,0.03,1008.4,8,2/19/2013 15:00
19,16,42.98,41,92.65,190,21.86482,29.92028,0.01,1007.4,8,2/19/2013 16:00
19,17,42.8,41,93.3,200,19.56326,NA,0.02,NA,7,2/19/2013 17:00
19,18,42.8,41,95.92,220,9.20624,NA,0.02,NA,7,2/19/2013 18:00
19,19,42.8,42.8,100,240,10.35702,NA,0.02,NA,10,2/19/2013 19:00
19,20,44.06,41,93.3,260,18.41248,NA,0,NA,10,2/19/2013 20:00
19,21,44.06,37.94,78.91,270,20.71404,26.46794,0,1005.6,10,2/19/2013 21:00
19,22,42.8,33.8,70.28,280,19.56326,27.61872,0,NA,10,2/19/2013 22:00
19,23,39.02,26.06,59.37,280,21.86482,31.07106,0,1006.6,10,2/19/2013 23:00
20,0,37.04,21.92,53.97,290,24.16638,32.22184,0,1007.1,10,2/20/2013 0:00
20,1,35.96,19.94,51.78,280,18.41248,25.31716,0,1007.2,10,2/20/2013 1:00
20,2,35.06,19.94,53.66,270,16.11092,NA,0,1007.5,10,2/20/2013 2:00
20,3,33.08,19.94,58.08,280,20.71404,28.7695,0,1007.5,10,2/20/2013 3:00
20,4,32,12.92,44.74,280,24.16638,33.37262,0,1008.4,10,2/20/2013 4:00
20,5,30.92,14,49.01,280,19.56326,24.16638,0,1009.1,10,2/20/2013 5:00
20,6,30.92,14,49.01,280,17.2617,29.92028,0,1010,10,2/20/2013 6:00
20,7,30.92,14,49.01,280,25.31716,32.22184,0,1010.8,10,2/20/2013 7:00
20,8,32,10.04,39.38,290,23.0156,28.7695,0,1011.1,10,2/20/2013 8:00
20,9,33.08,8.06,34.5,280,20.71404,31.07106,0,1011.3,10,2/20/2013 9:00
20,10,32,8.06,36.03,280,20.71404,31.07106,0,1011.1,10,2/20/2013 10:00
20,11,30.92,10.94,42.82,270,20.71404,28.7695,0,1010.8,10,2/20/2013 11:00
20,12,33.08,8.96,35.92,280,17.2617,35.67418,0,1010.9,10,2/20/2013 12:00
20,13,32,8.06,36.03,300,21.86482,32.22184,0,1010.7,10,2/20/2013 13:00
20,14,32,8.06,36.03,280,26.46794,35.67418,0,1011.2,10,2/20/2013 14:00
20,15,32,6.08,32.93,280,24.16638,31.07106,0,1011.7,10,2/20/2013 15:00
20,16,30.92,6.98,35.84,280,20.71404,27.61872,0,1012,10,2/20/2013 16:00
20,17,30.02,6.98,37.17,280,21.86482,35.67418,0,1013,10,2/20/2013 17:00
20,18,30.02,8.96,40.65,280,24.16638,31.07106,0,1014,10,2/20/2013 18:00
20,19,28.94,10.94,46.41,300,20.71404,36.82496,0,1013.9,10,2/20/2013 19:00
20,20,28.04,10.94,48.15,290,16.11092,27.61872,0,1014.7,10,2/20/2013 20:00
20,21,26.96,6.98,42.14,300,24.16638,33.37262,0,1014.6,10,2/20/2013 21:00
20,22,26.96,6.08,40.45,300,23.0156,29.92028,0,1015.4,10,2/20/2013 22:00
20,23,26.06,6.98,43.74,300,18.41248,25.31716,0,1015.6,10,2/20/2013 23:00
21,1,24.98,8.06,48.03,300,16.11092,26.46794,0,1015.9,10,2/21/2013 1:00
21,2,24.98,8.96,50.02,290,18.41248,27.61872,0,1015.8,10,2/21/2013 2:00
21,3,24.98,8.06,48.03,300,18.41248,23.0156,0,1015.7,10,2/21/2013 3:00
21,4,24.98,8.96,50.02,300,16.11092,NA,0,1015.9,10,2/21/2013 4:00
21,5,26.06,8.96,47.82,290,14.96014,26.46794,0,1016.4,10,2/21/2013 5:00
21,6,26.06,8.06,45.93,320,21.86482,33.37262,0,1016.6,10,2/21/2013 6:00
21,7,26.96,8.06,44.25,290,17.2617,31.07106,0,1016.8,10,2/21/2013 7:00
21,8,28.04,8.06,42.32,290,23.0156,31.07106,0,1016.2,10,2/21/2013 8:00
21,9,30.92,8.06,37.63,290,27.61872,33.37262,0,1016.3,10,2/21/2013 9:00
21,10,32,8.96,37.52,290,23.0156,34.5234,0,1016.4,10,2/21/2013 10:00
21,11,33.98,10.04,36.37,300,28.7695,37.97574,0,1016.6,10,2/21/2013 11:00
21,12,35.06,10.04,34.84,320,27.61872,36.82496,0,1015.9,10,2/21/2013 12:00
21,13,35.96,10.04,33.61,310,26.46794,31.07106,0,1015.9,10,2/21/2013 13:00
21,14,35.96,10.04,33.61,310,24.16638,31.07106,0,1015.8,10,2/21/2013 14:00
21,15,35.06,10.94,36.26,320,23.0156,NA,0,1016.9,10,2/21/2013 15:00
21,16,33.08,10.04,37.7,320,23.0156,35.67418,0,1018,10,2/21/2013 16:00
21,17,30.92,10.94,42.82,320,21.86482,28.7695,0,1019.1,10,2/21/2013 17:00
21,18,28.94,10.94,46.41,330,24.16638,31.07106,0,1020.2,10,2/21/2013 18:00
21,19,28.04,10.94,48.15,320,18.41248,NA,0,1023.4,10,2/21/2013 19:00
21,20,26.96,10.94,50.34,330,18.41248,25.31716,0,1024.2,10,2/21/2013 20:00
21,21,26.06,10.94,52.25,330,19.56326,NA,0,1024.5,10,2/21/2013 21:00
21,22,26.06,12.02,54.82,350,18.41248,24.16638,0,1024.8,10,2/21/2013 22:00
21,23,26.06,12.92,57.04,360,12.65858,21.86482,0,1025.4,10,2/21/2013 23:00
22,0,26.96,14,57.63,360,16.11092,23.0156,0,1025.2,10,2/22/2013 0:00
22,1,26.96,15.08,60.41,360,16.11092,NA,0,1025.1,10,2/22/2013 1:00
22,2,26.96,15.98,62.83,340,13.80936,23.0156,0,1026,10,2/22/2013 2:00
22,3,26.06,15.98,65.21,360,13.80936,NA,0,1026.5,10,2/22/2013 3:00
22,4,26.96,17.06,65.84,10,10.35702,NA,0,1027.3,10,2/22/2013 4:00
22,5,26.96,17.06,65.84,10,9.20624,NA,0,1028.1,10,2/22/2013 5:00
22,6,26.96,17.06,65.84,10,9.20624,NA,0,1029.2,10,2/22/2013 6:00
22,7,28.04,17.96,65.47,20,9.20624,NA,0,1029.2,10,2/22/2013 7:00
22,8,30.02,17.96,60.38,30,9.20624,NA,0,1029.7,10,2/22/2013 8:00
22,9,30.92,17.96,58.21,20,8.05546,NA,0,1029.4,10,2/22/2013 9:00
22,10,35.06,17.96,49.3,70,11.5078,NA,0,1029.1,10,2/22/2013 10:00
22,11,35.96,19.04,49.83,50,9.20624,NA,0,1028.9,10,2/22/2013 11:00
22,12,37.94,19.04,46.09,0,0,NA,0,1028.1,10,2/22/2013 12:00
22,13,37.94,21.02,50.14,130,6.90468,NA,0,1027.2,10,2/22/2013 13:00
22,14,37.94,23,54.51,140,10.35702,NA,0,1027,10,2/22/2013 14:00
22,15,37.04,23,56.48,110,8.05546,NA,0,1027.2,10,2/22/2013 15:00
22,16,35.96,24.98,64.03,120,8.05546,NA,0,1027.4,10,2/22/2013 16:00
22,17,35.96,26.06,66.97,100,5.7539,NA,0,1027.5,10,2/22/2013 17:00
22,18,35.96,28.04,72.66,110,9.20624,NA,0,NA,10,2/22/2013 18:00
22,19,37.04,28.04,69.63,100,8.05546,NA,0,1027.2,9,2/22/2013 19:00
22,20,37.04,28.94,72.24,100,6.90468,NA,0,1026.9,10,2/22/2013 20:00
22,21,37.04,30.02,75.5,100,9.20624,NA,0,1026.4,10,2/22/2013 21:00
22,22,37.04,30.02,75.5,100,8.05546,NA,0,1026.2,10,2/22/2013 22:00
22,23,37.94,30.92,75.58,110,9.20624,NA,0,1025.3,10,2/22/2013 23:00
23,0,37.94,32,78.96,110,5.7539,NA,0,1025.7,10,2/23/2013 0:00
23,1,37.04,32,81.8,120,11.5078,NA,0,1024.9,10,2/23/2013 1:00
23,2,37.4,33.98,88.57,110,11.5078,NA,0.01,NA,10,2/23/2013 2:00
23,3,37.04,33.98,88.57,100,6.90468,NA,0,1023,10,2/23/2013 3:00
23,4,37.94,33.98,85.49,100,9.20624,NA,0,1022.7,10,2/23/2013 4:00
23,5,37.94,35.06,89.25,90,8.05546,NA,0,1022,5,2/23/2013 5:00
23,6,39.02,35.06,85.55,90,9.20624,NA,0,1021.7,9,2/23/2013 6:00
23,7,39.92,35.96,85.61,100,12.65858,NA,0,1021.3,7,2/23/2013 7:00
23,8,39.92,37.04,89.34,100,11.5078,NA,0,1020.6,7,2/23/2013 8:00
23,9,41,39.02,92.59,100,13.80936,NA,0,NA,7,2/23/2013 9:00
23,10,42.8,39.92,91.98,100,12.65858,NA,0.01,NA,2,2/23/2013 10:00
23,11,42.98,41,92.65,100,11.5078,NA,0.02,1018.1,2,2/23/2013 11:00
23,12,44.06,42.08,92.69,100,13.80936,NA,0.04,1016.8,2,2/23/2013 12:00
23,13,44.06,42.08,92.69,100,14.96014,NA,0.03,1015.5,2.5,2/23/2013 13:00
23,14,42.98,42.08,96.6,90,12.65858,NA,0.05,1014.7,2.5,2/23/2013 14:00
23,15,42.8,39.92,91.98,80,14.96014,NA,0.09,NA,2.5,2/23/2013 15:00
23,16,41,39.02,92.59,60,13.80936,NA,0.07,1014.1,2.5,2/23/2013 16:00
23,17,39.92,37.94,92.56,60,12.65858,NA,0.03,1013.5,5,2/23/2013 17:00
23,18,39.02,35.96,88.66,40,14.96014,NA,0.03,1013.3,4,2/23/2013 18:00
23,19,37.94,35.96,92.49,40,9.20624,NA,0,1012.8,9,2/23/2013 19:00
23,20,37.94,35.06,89.25,50,14.96014,NA,0,1011.5,10,2/23/2013 20:00
23,21,37.04,35.06,92.46,20,13.80936,NA,0,1010.6,10,2/23/2013 21:00
23,22,35.96,35.06,96.49,30,13.80936,NA,0,1009.9,3,2/23/2013 22:00
23,23,37.04,35.06,92.46,20,12.65858,NA,0,1009.2,4,2/23/2013 23:00
24,0,37.04,35.06,92.46,20,10.35702,NA,0,1008.8,4,2/24/2013 0:00
24,1,37.94,35.96,92.49,360,11.5078,NA,0,1009.1,5,2/24/2013 1:00
24,2,37.94,35.06,89.25,360,10.35702,NA,0.01,1008.5,3,2/24/2013 2:00
24,3,37.04,35.96,95.82,330,11.5078,NA,0.01,1008.7,3,2/24/2013 3:00
24,4,37.94,35.6,93.14,360,13.80936,NA,0.01,NA,10,2/24/2013 4:00
24,5,37.4,35.6,93.14,360,13.80936,NA,0,NA,10,2/24/2013 5:00
24,6,37.4,35.6,93.14,360,13.80936,NA,0,NA,10,2/24/2013 6:00
24,7,39.02,35.06,85.55,320,14.96014,NA,0,1008.2,10,2/24/2013 7:00
24,8,39.92,35.96,86.79,350,16.11092,NA,0,NA,10,2/24/2013 8:00
24,9,42.98,37.04,79.38,320,14.96014,NA,0,1008.1,10,2/24/2013 9:00
24,10,44.06,35.96,72.98,320,18.41248,25.31716,0,1007.9,10,2/24/2013 10:00
24,11,44.96,35.06,68.05,310,17.2617,NA,0,1008.2,10,2/24/2013 11:00
24,12,46.4,33.8,61.28,330,16.11092,NA,0,NA,10,2/24/2013 12:00
24,13,46.94,33.08,58.33,340,14.96014,NA,0,1007.3,10,2/24/2013 13:00
24,14,44.96,33.98,65.18,10,8.05546,NA,0,1007.4,10,2/24/2013 14:00
24,15,44.06,26.06,48.87,300,24.16638,32.22184,0,1008.2,10,2/24/2013 15:00
24,16,42.98,24.98,48.7,310,24.16638,33.37262,0,1009.3,10,2/24/2013 16:00
24,17,39.92,24.98,54.81,300,21.86482,28.7695,0,1010.9,10,2/24/2013 17:00
24,18,39.02,21.02,48.07,310,23.0156,31.07106,0,1012,10,2/24/2013 18:00
24,19,37.94,21.02,50.14,320,17.2617,29.92028,0,1013,10,2/24/2013 19:00
24,20,37.04,21.02,51.95,310,23.0156,29.92028,0,1014,10,2/24/2013 20:00
24,21,35.06,19.94,53.66,320,18.41248,27.61872,0,1014.3,10,2/24/2013 21:00
24,22,33.98,19.94,56.02,320,16.11092,25.31716,0,1014.5,10,2/24/2013 22:00
24,23,33.98,19.94,56.02,310,14.96014,NA,0,1014.8,10,2/24/2013 23:00
25,0,33.98,19.94,56.02,310,13.80936,NA,0,1015.7,10,2/25/2013 0:00
25,1,33.98,19.94,56.02,310,11.5078,NA,0,1016.5,10,2/25/2013 1:00
25,2,33.98,19.94,56.02,310,13.80936,NA,0,1016.6,10,2/25/2013 2:00
25,3,33.98,21.02,58.66,330,13.80936,NA,0,1017.1,10,2/25/2013 3:00
25,4,32,21.02,63.51,330,11.5078,NA,0,1017.5,10,2/25/2013 4:00
25,5,33.08,21.92,63.17,310,10.35702,NA,0,1018.1,10,2/25/2013 5:00
25,6,32,21.92,65.97,330,6.90468,NA,0,1018.8,10,2/25/2013 6:00
25,7,35.96,24.08,61.67,340,9.20624,NA,0,1020,10,2/25/2013 7:00
25,8,37.94,24.08,57.04,360,10.35702,NA,0,1020.3,10,2/25/2013 8:00
25,9,41,24.08,50.63,360,9.20624,NA,0,1020.6,10,2/25/2013 9:00
25,10,42.98,24.08,46.91,350,6.90468,18.41248,0,1020.7,10,2/25/2013 10:00
25,11,44.06,23,43.02,360,11.5078,16.11092,0,1020.5,10,2/25/2013 11:00
25,12,46.04,23,39.9,320,8.05546,NA,0,1020.8,10,2/25/2013 12:00
25,13,44.96,21.92,39.72,10,10.35702,NA,0,1020.8,10,2/25/2013 13:00
25,14,44.96,23,41.56,320,5.7539,NA,0,1021.1,10,2/25/2013 14:00
25,15,44.06,23,43.02,10,5.7539,NA,0,1021.3,10,2/25/2013 15:00
25,16,42.98,23,44.83,340,6.90468,NA,0,1021.3,10,2/25/2013 16:00
25,17,42.98,23,44.83,360,9.20624,NA,0,1021.9,10,2/25/2013 17:00
25,18,41,21.92,46.23,350,6.90468,NA,0,1022.9,10,2/25/2013 18:00
25,19,39.92,23,50.46,10,4.60312,NA,0,1023.5,10,2/25/2013 19:00
25,20,41,23,48.39,360,3.45234,NA,0,1023.5,10,2/25/2013 20:00
25,21,39.92,24.98,54.81,350,3.45234,NA,0,1024,10,2/25/2013 21:00
25,22,39.92,24.98,54.81,20,6.90468,NA,0,1024,10,2/25/2013 22:00
25,23,37.04,24.98,61.35,30,5.7539,NA,0,1023.5,10,2/25/2013 23:00
26,0,33.98,24.98,69.28,60,4.60312,NA,0,1023.2,10,2/26/2013 0:00
26,1,35.06,26.06,69.4,10,4.60312,NA,0,1024.6,10,2/26/2013 1:00
26,2,33.08,26.06,75.11,0,0,NA,0,1025,10,2/26/2013 2:00
26,3,33.08,26.96,77.96,10,3.45234,NA,0,1024.3,10,2/26/2013 3:00
26,4,32,26.06,78.45,0,0,NA,0,1024.6,10,2/26/2013 4:00
26,5,33.08,28.04,81.5,20,5.7539,NA,0,1024.2,10,2/26/2013 5:00
26,6,32,28.94,88.32,30,4.60312,NA,0,1024.6,7,2/26/2013 6:00
26,7,35.06,32,88.47,70,4.60312,NA,0,1025.7,7,2/26/2013 7:00
26,8,41,32,70.08,110,8.05546,NA,0,1026.2,9,2/26/2013 8:00
26,9,42.08,32,67.22,100,11.5078,NA,0,1025.4,10,2/26/2013 9:00
26,10,42.98,32,64.93,100,12.65858,NA,0,1025.9,10,2/26/2013 10:00
26,11,44.06,30.92,59.64,110,14.96014,NA,0,1025.3,10,2/26/2013 11:00
26,12,42.98,32,64.93,110,14.96014,NA,0,1024.9,10,2/26/2013 12:00
26,13,44.06,28.94,55.02,90,20.71404,25.31716,0,1023.6,10,2/26/2013 13:00
26,14,42.08,30.02,62.04,110,19.56326,NA,0,1023.3,10,2/26/2013 14:00
26,15,41,30.92,67.09,100,20.71404,27.61872,0,1022.5,10,2/26/2013 15:00
26,16,39.92,30.92,69.96,100,14.96014,26.46794,0,1022.1,10,2/26/2013 16:00
26,17,39.92,28.94,64.54,90,19.56326,27.61872,0,1021.4,10,2/26/2013 17:00
26,18,39.02,28.94,66.85,90,17.2617,NA,0,1020.6,10,2/26/2013 18:00
26,19,37.94,32,78.96,80,18.41248,25.31716,0,1019.6,10,2/26/2013 19:00
26,20,37.94,30.92,75.58,80,21.86482,32.22184,0.01,1017.8,10,2/26/2013 20:00
26,21,37.94,32,80.65,70,21.86482,31.07106,0,NA,10,2/26/2013 21:00
26,22,37.94,33.98,86.69,70,18.41248,27.61872,0.06,NA,8,2/26/2013 22:00
26,23,37.94,35.06,89.25,60,24.16638,31.07106,0.03,1012.8,10,2/26/2013 23:00
27,0,39.02,35.96,88.66,50,19.56326,32.22184,0.14,1011.9,6,2/27/2013 0:00
27,1,39.92,37.04,89.34,60,19.56326,NA,0.1,1010.4,6,2/27/2013 1:00
27,2,41,39.02,92.59,60,24.16638,34.5234,0.06,1008,6,2/27/2013 2:00
27,3,44.96,42.08,89.56,70,23.0156,34.5234,0.02,1006.2,6,2/27/2013 3:00
27,4,42.08,39.92,91.98,50,20.71404,28.7695,0.07,1005,6,2/27/2013 4:00
27,5,46.04,44.06,92.75,60,26.46794,36.82496,0.13,1003.7,4,2/27/2013 5:00
27,6,46.94,44.06,89.65,80,29.92028,46.0312,0.02,1002.2,5,2/27/2013 6:00
27,7,48.2,44.6,87.28,90,34.5234,48.33276,0.01,NA,6,2/27/2013 7:00
27,8,46.94,44.6,93.4,80,31.07106,46.0312,0.02,NA,7,2/27/2013 8:00
27,9,46.94,44.6,93.4,80,28.7695,37.97574,0.02,NA,6,2/27/2013 9:00
27,10,46.94,44.6,93.4,80,28.7695,35.67418,0,NA,2,2/27/2013 10:00
27,11,48.2,46.4,93.45,80,20.71404,26.46794,0.01,NA,4,2/27/2013 11:00
27,12,48.2,46.94,100,110,16.11092,NA,0,NA,2,2/27/2013 12:00
27,13,46.94,46.94,100,190,6.90468,NA,0,999.4,0.12,2/27/2013 13:00
27,14,46.94,44.96,93.4,210,9.20624,NA,0,NA,1,2/27/2013 14:00
27,15,48.92,44.6,93.4,260,11.5078,NA,0,NA,9,2/27/2013 15:00
27,16,48.92,42.8,81.47,260,19.56326,NA,0,NA,10,2/27/2013 16:00
27,17,46.94,35.96,65.43,270,17.2617,NA,0,1002.5,10,2/27/2013 17:00
27,18,44.96,35.96,70.52,280,13.80936,NA,0,1003.5,10,2/27/2013 18:00
27,19,44.96,35.06,68.05,280,13.80936,24.16638,0,1003.9,10,2/27/2013 19:00
27,20,44.96,35.06,68.05,280,14.96014,21.86482,0,1004.5,10,2/27/2013 20:00
27,21,44.96,33.98,65.18,300,11.5078,NA,0,1004.1,10,2/27/2013 21:00
27,22,42.08,35.06,75.98,260,4.60312,NA,0,1004.1,10,2/27/2013 22:00
27,23,42.08,35.96,78.74,240,8.05546,NA,0,1003.7,9,2/27/2013 23:00
28,0,41,35.96,82.09,240,5.7539,NA,0,1003.5,10,2/28/2013 0:00
28,1,41,37.04,85.67,200,4.60312,NA,0,1003.2,10,2/28/2013 1:00
28,2,41,37.04,85.67,190,4.60312,NA,0,1002.9,10,2/28/2013 2:00
28,3,41,37.04,85.67,210,3.45234,NA,0,1003,10,2/28/2013 3:00
28,4,42.08,37.94,85.13,180,3.45234,NA,0,1002.9,9,2/28/2013 4:00
28,5,39.92,37.04,89.34,240,5.7539,NA,0,1002.9,10,2/28/2013 5:00
28,6,41,37.04,85.67,230,8.05546,NA,0,1003.2,9,2/28/2013 6:00
28,7,42.98,37.94,82.24,250,4.60312,NA,0,1003.4,9,2/28/2013 7:00
28,8,44.06,37.94,78.91,240,5.7539,NA,0,1003.6,9,2/28/2013 8:00
28,9,42.98,39.02,85.79,240,8.05546,NA,0,1003.4,8,2/28/2013 9:00
28,10,48.92,39.02,68.51,240,9.20624,NA,0,1002.5,10,2/28/2013 10:00
28,11,50,33.98,53.92,240,8.05546,NA,0,1001.7,10,2/28/2013 11:00
28,12,48.92,35.06,58.61,210,10.35702,NA,0,1001.1,10,2/28/2013 12:00
28,13,48.02,33.08,56.01,230,11.5078,NA,0,1000.9,10,2/28/2013 13:00
28,14,46.94,32,55.85,240,11.5078,NA,0,1000.8,10,2/28/2013 14:00
28,15,46.94,28.94,49.33,280,12.65858,NA,0,1000.7,10,2/28/2013 15:00
28,16,46.04,28.94,51.03,280,11.5078,NA,0,1000.8,10,2/28/2013 16:00
28,17,46.04,28.04,49.19,290,12.65858,NA,0,1001.3,10,2/28/2013 17:00
28,18,44.96,26.96,49.02,300,10.35702,NA,0,1001.9,10,2/28/2013 18:00
28,19,44.96,26.06,47.23,270,17.2617,NA,0,1002.1,10,2/28/2013 19:00
28,20,42.98,26.96,52.87,270,13.80936,NA,0,1002.4,10,2/28/2013 20:00
28,21,42.98,28.04,55.27,300,11.5078,NA,0,1002.7,10,2/28/2013 21:00
28,22,42.08,28.04,57.22,280,12.65858,19.56326,0,1002.8,10,2/28/2013 22:00
28,23,39.92,28.94,64.54,300,13.80936,NA,0,1002.8,10,2/28/2013 23:00
